INDEX,TAG,DATE,TIME,LATITUDE N/S,LONGITUDE E/W,HEIGHT,SPEED,HEADING,PRES,TEMP
1,T,240122,180135,48.406445N,17.155443E,236,0.8,145,991.8,25 
2,T,240122,180200,48.406399N,17.154682E,235,15.5,236,992.0,25 
3,T,240122,180207,48.405952N,17.154686E,234,31.4,172,992.3,25 
4,T,240122,180211,48.405491N,17.154852E,232,42.1,168,992.6,25 
5,T,240122,180215,48.405037N,17.155022E,232,46.7,168,992.7,25 
6,T,240122,180219,48.404545N,17.155169E,231,49.7,169,992.6,25 
7,T,240122,180223,48.404041N,17.155302E,230,49.2,173,992.7,25 
8,T,240122,180227,48.403564N,17.155285E,228,47.1,189,992.7,25 
9,T,240122,180231,48.403053N,17.155144E,227,52.7,189,992.7,25 
10,T,240122,180235,48.402534N,17.154997E,228,53.7,188,992.7,25 
11,T,240122,180239,48.401951N,17.154936E,229,63.8,179,992.8,25 
12,T,240122,180242,48.401409N,17.154993E,231,77.3,174,992.7,25 
13,T,240122,180245,48.400806N,17.155107E,232,80.2,173,992.7,25 
14,T,240122,180248,48.400211N,17.155214E,233,79.6,174,992.8,25 
15,T,240122,180251,48.399597N,17.155308E,234,79.9,174,992.7,25 
16,T,240122,180254,48.398952N,17.155416E,233,87.2,174,992.7,25 
17,T,240122,180257,48.398289N,17.155514E,233,88.1,175,992.7,25 
18,T,240122,180259,48.397839N,17.155544E,233,90.1,178,992.7,25 
19,T,240122,180301,48.397377N,17.155544E,233,91.4,180,992.8,25 
20,T,240122,180303,48.396915N,17.155523E,233,92.9,182,992.8,25 
21,T,240122,180305,48.396446N,17.155497E,233,93.4,182,992.8,25 
22,T,240122,180307,48.395981N,17.155474E,233,92.9,181,992.9,25 
23,T,240122,180309,48.395512N,17.155443E,234,93.2,182,992.8,25 
24,T,240122,180311,48.395046N,17.155418E,234,92.6,182,992.7,25 
25,T,240122,180313,48.394588N,17.155388E,234,92.4,182,992.5,25 
26,T,240122,180315,48.394131N,17.155361E,235,91.5,182,992.6,25 
27,T,240122,180317,48.393669N,17.155342E,235,91.5,181,992.3,25 
28,T,240122,180319,48.393192N,17.155315E,235,96.1,182,992.2,25 
29,T,240122,180321,48.392712N,17.155285E,235,96.1,182,992.0,25 
30,T,240122,180323,48.392239N,17.155254E,235,97.4,182,991.9,25 
31,T,240122,180325,48.391781N,17.155224E,235,90.4,182,992.1,25 
32,T,240122,180327,48.391327N,17.155205E,236,89.4,181,991.9,25 
33,T,240122,180329,48.390873N,17.155190E,236,90.4,180,991.8,25 
34,T,240122,180331,48.390423N,17.155180E,236,88.4,180,991.6,25 
35,T,240122,180334,48.389748N,17.155163E,236,89.2,181,991.5,25 
36,T,240122,180337,48.389084N,17.155144E,237,88.1,180,991.1,25 
37,T,240122,180340,48.388432N,17.155104E,238,88.8,182,990.9,25 
38,T,240122,180343,48.387772N,17.155041E,239,87.2,184,990.7,25 
39,T,240122,180346,48.387138N,17.154917E,238,84.4,188,990.2,25 
40,T,240122,180349,48.386513N,17.154739E,236,83.6,190,990.2,25 
41,T,240122,180352,48.385887N,17.154564E,233,81.5,190,990.4,25 
42,T,240122,180355,48.385296N,17.154400E,232,79.4,190,990.6,25 
43,T,240122,180358,48.384754N,17.154219E,231,71.3,193,990.8,25 
44,T,240122,180401,48.384251N,17.153984E,231,71.6,198,991.1,25 
45,T,240122,180404,48.383755N,17.153698E,231,70.4,201,991.5,25 
46,T,240122,180407,48.383286N,17.153364E,231,69.2,205,991.3,25 
47,T,240122,180410,48.382832N,17.153015E,233,69.4,203,990.9,25 
48,T,240122,180413,48.382359N,17.152664E,235,69.4,205,990.6,25 
49,T,240122,180416,48.381893N,17.152344E,239,67.4,204,990.1,25 
50,T,240122,180419,48.381439N,17.152021E,242,66.6,204,989.7,25 
51,T,240122,180422,48.380993N,17.151693E,244,67.7,207,989.5,25 
52,T,240122,180425,48.380524N,17.151333E,245,70.4,209,989.6,25 
53,T,240122,180428,48.380077N,17.150921E,244,69.5,213,990.2,25 
54,T,240122,180431,48.379669N,17.150476E,244,66.8,217,990.0,25 
55,T,240122,180434,48.379272N,17.150038E,245,65.8,212,990.0,25 
56,T,240122,180437,48.378857N,17.149712E,246,61.8,203,990.1,25 
57,T,240122,180440,48.378407N,17.149458E,248,66.2,198,989.9,25 
58,T,240122,180443,48.377930N,17.149210E,249,68.2,199,989.6,25 
59,T,240122,180446,48.377460N,17.148972E,251,65.0,198,989.7,25 
60,T,240122,180449,48.376987N,17.148785E,253,65.4,191,989.7,25 
61,T,240122,180452,48.376507N,17.148687E,256,65.1,184,989.4,25 
62,T,240122,180455,48.376038N,17.148672E,257,60.7,179,989.2,25 
63,T,240122,180459,48.375462N,17.148752E,260,55.5,173,989.2,25 
64,T,240122,180503,48.374931N,17.148842E,260,50.1,173,988.8,25 
65,T,240122,180507,48.374416N,17.148926E,260,52.0,174,988.9,25 
66,T,240122,180511,48.373913N,17.148985E,261,49.1,179,988.5,25 
67,T,240122,180515,48.373409N,17.148912E,261,52.6,190,988.4,25 
68,T,240122,180519,48.372894N,17.148630E,261,55.0,204,988.3,26 
69,T,240122,180523,48.372364N,17.148226E,261,59.0,206,988.1,26 
70,T,240122,180527,48.371849N,17.147852E,263,52.4,206,988.1,26 
71,T,240122,180531,48.371384N,17.147476E,265,52.0,207,988.1,26 
72,T,240122,180535,48.370941N,17.147108E,265,50.3,206,987.9,26 
73,T,240122,180539,48.370487N,17.146729E,266,51.7,212,988.0,26 
74,T,240122,180543,48.370087N,17.146288E,266,47.2,219,988.1,26 
75,T,240122,180547,48.369736N,17.145777E,263,51.7,224,988.5,26 
76,T,240122,180551,48.369354N,17.145243E,261,51.6,220,988.7,26 
77,T,240122,180555,48.368927N,17.144785E,260,51.9,211,989.1,26 
78,T,240122,180559,48.368484N,17.144411E,258,50.8,207,989.6,26 
79,T,240122,180603,48.368031N,17.144075E,255,47.4,205,989.7,26 
80,T,240122,180611,48.367626N,17.143707E,251,18.6,258,990.2,26 
81,T,240122,180617,48.367863N,17.143105E,249,37.9,300,990.2,26 
82,T,240122,180622,48.368141N,17.142435E,248,41.3,302,990.0,26 
83,T,240122,180627,48.368397N,17.141785E,249,39.3,298,990.0,26 
84,T,240122,180632,48.368580N,17.141153E,249,36.4,286,989.9,26 
85,T,240122,180638,48.368656N,17.140387E,246,26.6,280,990.3,26 
86,T,240122,180647,48.368523N,17.139736E,240,21.6,240,990.2,26 
87,T,240122,180654,48.368481N,17.138964E,236,38.7,273,990.4,26 
88,T,240122,180659,48.368568N,17.138107E,233,49.6,279,990.5,26 
89,T,240122,180703,48.368660N,17.137337E,232,53.6,279,990.7,26 
90,T,240122,180707,48.368740N,17.136505E,231,57.1,275,991.0,26 
91,T,240122,180711,48.368744N,17.135612E,230,62.9,263,991.0,26 
92,T,240122,180714,48.368645N,17.134884E,228,66.1,251,991.1,26 
93,T,240122,180717,48.368443N,17.134205E,227,64.4,246,991.1,26 
94,T,240122,180720,48.368237N,17.133535E,233,67.2,245,991.6,26 
95,T,240122,180723,48.368008N,17.132807E,234,73.8,245,991.4,26 
96,T,240122,180726,48.367764N,17.132057E,234,72.2,243,991.6,26 
97,T,240122,180729,48.367496N,17.131348E,232,67.8,238,991.5,26 
98,T,240122,180732,48.367214N,17.130720E,232,66.2,233,992.1,26 
99,T,240122,180735,48.366901N,17.130152E,231,65.1,225,992.0,26 
100,T,240122,180738,48.366539N,17.129639E,231,66.3,222,992.0,26 
101,T,240122,180741,48.366158N,17.129147E,232,66.2,216,992.1,26 
102,T,240122,180744,48.365723N,17.128771E,232,65.6,204,992.2,26 
103,T,240122,180747,48.365234N,17.128529E,234,67.5,196,992.0,26 
104,T,240122,180750,48.364792N,17.128237E,235,65.2,210,992.0,26 
105,T,240122,180753,48.364399N,17.127735E,236,71.6,228,992.0,26 
106,T,240122,180756,48.364059N,17.127056E,235,76.1,236,991.8,26 
107,T,240122,180759,48.363800N,17.126308E,234,74.1,247,992.0,26 
108,T,240122,180802,48.363609N,17.125511E,233,74.9,249,992.0,26 
109,T,240122,180805,48.363396N,17.124758E,233,70.1,241,991.7,26 
110,T,240122,180808,48.363110N,17.124094E,234,72.9,234,991.6,26 
111,T,240122,180811,48.362759N,17.123476E,235,69.8,225,991.7,26 
112,T,240122,180814,48.362373N,17.122965E,237,68.5,218,991.6,26 
113,T,240122,180817,48.361946N,17.122503E,239,71.0,215,991.6,26 
114,T,240122,180820,48.361515N,17.122044E,240,70.0,216,991.1,26 
115,T,240122,180823,48.361145N,17.121519E,242,69.0,228,991.0,26 
116,T,240122,180826,48.360832N,17.120876E,242,73.3,239,990.7,26 
117,T,240122,180829,48.360535N,17.120161E,242,72.8,241,990.8,26 
118,T,240122,180832,48.360245N,17.119469E,240,71.8,238,990.6,26 
119,T,240122,180835,48.359955N,17.118816E,239,67.9,234,990.8,26 
120,T,240122,180838,48.359619N,17.118235E,239,72.4,225,991.1,26 
121,T,240122,180841,48.359219N,17.117643E,237,75.6,224,991.5,26 
122,T,240122,180844,48.358799N,17.117048E,234,76.0,223,991.9,26 
123,T,240122,180847,48.358391N,17.116436E,230,76.5,225,991.6,26 
124,T,240122,180850,48.358013N,17.115799E,228,75.8,231,991.6,26 
125,T,240122,180853,48.357662N,17.115114E,226,76.2,233,991.8,26 
126,T,240122,180856,48.357307N,17.114424E,224,75.7,233,992.1,26 
127,T,240122,180859,48.356956N,17.113766E,221,71.0,232,992.0,26 
128,T,240122,180902,48.356609N,17.113125E,218,70.7,231,992.2,26 
129,T,240122,180905,48.356258N,17.112467E,213,73.0,232,992.4,26 
130,T,240122,180908,48.355972N,17.111788E,210,69.5,240,992.6,26 
131,T,240122,180911,48.355766N,17.111065E,208,71.9,249,992.8,26 
132,T,240122,180914,48.355637N,17.110264E,207,74.2,253,993.3,26 
133,T,240122,180917,48.355499N,17.109446E,206,74.3,253,993.6,26 
134,T,240122,180920,48.355350N,17.108641E,206,71.1,246,993.8,26 
135,T,240122,180923,48.355118N,17.107904E,207,76.8,237,993.9,26 
136,T,240122,180926,48.354771N,17.107159E,210,84.6,233,994.0,26 
137,T,240122,180929,48.354404N,17.106421E,211,79.4,234,994.1,26 
138,T,240122,180932,48.354073N,17.105736E,213,72.6,233,994.2,26 
139,T,240122,180935,48.353722N,17.105116E,216,70.9,226,993.9,26 
140,T,240122,180938,48.353298N,17.104586E,216,73.5,217,994.2,26 
141,T,240122,180941,48.352844N,17.104128E,215,72.4,211,994.5,26 
142,T,240122,180944,48.352402N,17.103683E,214,70.5,217,994.5,26 
143,T,240122,180947,48.352005N,17.103188E,215,68.5,224,994.6,26 
144,T,240122,180950,48.351635N,17.102650E,216,68.0,227,994.4,26 
145,T,240122,180953,48.351299N,17.102110E,218,63.6,227,994.2,26 
146,T,240122,180957,48.350910N,17.101482E,222,53.2,227,993.9,26 
147,T,240122,181001,48.350536N,17.100950E,225,51.7,220,993.7,26 
148,T,240122,181005,48.350124N,17.100540E,225,50.0,208,993.7,26 
149,T,240122,181009,48.349663N,17.100264E,227,49.6,200,993.7,26 
150,T,240122,181013,48.349194N,17.100016E,227,50.1,199,993.9,26 
151,T,240122,181017,48.348732N,17.099775E,226,47.7,201,994.2,26 
152,T,240122,181022,48.348263N,17.099348E,224,42.0,222,994.2,26 
153,T,240122,181027,48.348007N,17.098705E,222,40.7,248,994.4,26 
154,T,240122,181032,48.347961N,17.097879E,220,46.1,265,994.5,26 
155,T,240122,181036,48.347912N,17.097178E,219,47.1,262,994.6,26 
156,T,240122,181040,48.347820N,17.096474E,218,48.0,256,994.7,26 
157,T,240122,181044,48.347698N,17.095766E,215,47.6,253,994.8,26 
158,T,240122,181048,48.347561N,17.095104E,211,47.1,246,994.9,26 
159,T,240122,181052,48.347336N,17.094482E,209,47.8,234,995.0,26 
160,T,240122,181056,48.347004N,17.094030E,208,44.4,210,995.1,26 
161,T,240122,181100,48.346581N,17.093742E,208,49.0,202,994.9,26 
162,T,240122,181104,48.346127N,17.093515E,210,41.9,198,995.0,26 
163,T,240122,181109,48.345600N,17.093210E,214,46.7,209,994.9,26 
164,T,240122,181113,48.345184N,17.092762E,215,52.7,223,994.9,26 
165,T,240122,181117,48.344868N,17.092112E,214,53.5,242,995.0,26 
166,T,240122,181121,48.344681N,17.091335E,214,56.3,258,995.1,26 
167,T,240122,181125,48.344662N,17.090458E,212,58.0,273,995.2,26 
168,T,240122,181129,48.344723N,17.089560E,211,61.0,275,995.5,26 
169,T,240122,181132,48.344780N,17.088856E,211,62.6,274,995.5,26 
170,T,240122,181135,48.344826N,17.088144E,210,63.0,275,995.7,26 
171,T,240122,181138,48.344872N,17.087444E,210,60.5,274,995.8,26 
172,T,240122,181141,48.344883N,17.086744E,207,62.4,267,996.1,26 
173,T,240122,181144,48.344826N,17.086056E,205,60.9,259,996.2,26 
174,T,240122,181147,48.344692N,17.085377E,203,62.6,248,996.2,26 
175,T,240122,181150,48.344456N,17.084757E,201,63.0,236,996.3,26 
176,T,240122,181153,48.344158N,17.084166E,200,66.3,233,996.4,26 
177,T,240122,181156,48.343853N,17.083576E,200,67.2,232,996.6,26 
178,T,240122,181159,48.343552N,17.083000E,200,64.3,233,996.6,26 
179,T,240122,181202,48.343246N,17.082417E,200,65.8,231,996.8,26 
180,T,240122,181205,48.342945N,17.081821E,200,65.8,233,996.9,26 
181,T,240122,181208,48.342648N,17.081230E,199,66.0,233,996.9,26 
182,T,240122,181211,48.342342N,17.080627E,198,68.5,232,996.9,26 
183,T,240122,181214,48.342030N,17.080011E,198,68.8,233,997.0,26 
184,T,240122,181217,48.341721N,17.079420E,198,65.5,231,997.1,26 
185,T,240122,181220,48.341396N,17.078861E,197,66.9,224,997.1,26 
186,T,240122,181223,48.341015N,17.078377E,196,67.0,216,997.3,26 
187,T,240122,181226,48.340591N,17.077953E,196,66.6,211,997.4,26 
188,T,240122,181229,48.340160N,17.077579E,196,65.6,209,997.6,26 
189,T,240122,181232,48.339729N,17.077225E,196,63.8,209,997.6,26 
190,T,240122,181235,48.339321N,17.076878E,196,61.1,210,997.7,26 
191,T,240122,181238,48.338932N,17.076509E,195,59.0,215,997.7,26 
192,T,240122,181242,48.338459N,17.075949E,194,62.4,223,997.7,26 
193,T,240122,181245,48.338131N,17.075405E,194,65.5,231,997.7,26 
194,T,240122,181248,48.337849N,17.074799E,193,64.7,238,997.7,26 
195,T,240122,181251,48.337624N,17.074158E,192,64.3,244,997.7,26 
196,T,240122,181254,48.337440N,17.073484E,192,64.1,250,997.8,26 
197,T,240122,181257,48.337299N,17.072817E,190,62.3,252,997.7,26 
198,T,240122,181300,48.337166N,17.072128E,189,65.9,253,997.8,26 
199,T,240122,181303,48.337032N,17.071424E,189,64.5,254,998.0,26 
200,T,240122,181306,48.336903N,17.070717E,188,64.6,256,998.0,26 
201,T,240122,181309,48.336826N,17.069981E,188,68.3,264,998.0,26 
202,T,240122,181312,48.336823N,17.069197E,188,68.5,270,998.0,26 
203,T,240122,181315,48.336876N,17.068422E,185,69.4,274,998.0,26 
204,T,240122,181318,48.336948N,17.067636E,183,71.1,276,998.0,26 
205,T,240122,181321,48.337021N,17.066816E,181,74.2,275,998.0,26 
206,T,240122,181324,48.337093N,17.065971E,179,75.9,277,998.1,26 
207,T,240122,181327,48.337170N,17.065107E,178,78.1,276,998.1,26 
208,T,240122,181330,48.337215N,17.064222E,178,79.6,273,998.1,26 
209,T,240122,181333,48.337215N,17.063316E,179,81.2,267,997.9,26 
210,T,240122,181336,48.337170N,17.062386E,179,82.8,264,997.9,26 
211,T,240122,181339,48.337105N,17.061457E,178,81.9,263,997.9,26 
212,T,240122,181342,48.337036N,17.060553E,176,80.2,262,998.0,26 
213,T,240122,181345,48.336948N,17.059677E,176,76.3,259,998.1,26 
214,T,240122,181348,48.336800N,17.058878E,178,72.6,252,998.1,26 
215,T,240122,181351,48.336548N,17.058123E,180,73.1,241,998.1,26 
216,T,240122,181354,48.336273N,17.057404E,182,66.9,241,998.4,26 
217,T,240122,181358,48.336006N,17.056753E,182,52.4,239,998.3,26 
218,T,240122,181402,48.335712N,17.055996E,184,61.2,241,998.3,26 
219,T,240122,181405,48.335484N,17.055403E,184,64.5,241,998.2,26 
220,T,240122,181408,48.335247N,17.054802E,183,59.6,240,998.2,26 
221,T,240122,181412,48.334957N,17.054150E,182,46.4,239,998.3,26 
222,T,240122,181416,48.334713N,17.053543E,183,47.9,238,998.3,26 
223,T,240122,181421,48.334431N,17.052860E,184,39.8,232,998.2,26 
224,T,240122,181426,48.334064N,17.052292E,186,43.0,222,998.2,26 
225,T,240122,181431,48.333691N,17.051794E,187,39.3,219,998.4,26 
226,T,240122,181436,48.333305N,17.051311E,188,39.5,219,998.5,26 
227,T,240122,181441,48.332935N,17.050835E,186,41.4,223,998.7,26 
228,T,240122,181446,48.332581N,17.050283E,185,41.9,230,998.9,26 
229,T,240122,181451,48.332291N,17.049669E,184,38.2,241,999.3,26 
230,T,240122,181457,48.332191N,17.048878E,186,37.3,265,999.5,26 
231,T,240122,181502,48.332169N,17.048147E,185,40.0,266,999.6,26 
232,T,240122,181507,48.332081N,17.047390E,186,40.6,257,999.5,27 
233,T,240122,181512,48.331966N,17.046602E,184,42.8,258,999.4,27 
234,T,240122,181517,48.331898N,17.045795E,184,42.9,262,999.5,27 
235,T,240122,181522,48.331879N,17.044975E,183,43.6,267,999.6,27 
236,T,240122,181527,48.331909N,17.044155E,182,41.9,272,999.7,27 
237,T,240122,181532,48.332031N,17.043364E,178,43.2,286,999.8,27 
238,T,240122,181536,48.332157N,17.042711E,175,44.9,285,999.9,27 
239,T,240122,181541,48.332317N,17.041927E,171,42.9,283,1000.0,27 
240,T,240122,181546,48.332291N,17.041206E,169,38.2,259,1000.1,27 
241,T,240122,181551,48.332012N,17.040674E,170,37.8,224,1000.1,27 
242,T,240122,181556,48.331734N,17.040075E,171,39.8,248,1000.2,27 
243,T,240122,181601,48.331642N,17.039255E,170,46.3,262,1000.2,27 
244,T,240122,181605,48.331577N,17.038567E,169,45.0,257,1000.4,27 
245,T,240122,181609,48.331390N,17.037907E,168,48.6,241,1000.4,27 
246,T,240122,181613,48.331154N,17.037264E,167,49.2,241,1000.5,27 
247,T,240122,181617,48.330929N,17.036596E,165,50.5,243,1000.5,27 
248,T,240122,181621,48.330692N,17.035896E,165,52.8,243,1000.6,27 
249,T,240122,181625,48.330479N,17.035173E,166,53.6,249,1000.7,27 
250,T,240122,181629,48.330292N,17.034410E,166,52.6,250,1000.8,27 
251,T,240122,181633,48.330128N,17.033636E,166,54.7,252,1000.8,27 
252,T,240122,181637,48.329945N,17.032837E,167,56.7,248,1000.9,27 
253,T,240122,181641,48.329704N,17.032049E,164,58.5,231,1001.0,27 
254,T,240122,181644,48.329388N,17.031551E,163,63.1,221,1001.0,27 
255,T,240122,181647,48.329014N,17.031124E,162,62.0,212,1001.1,27 
256,T,240122,181650,48.328583N,17.030809E,162,62.6,200,1001.1,27 
257,T,240122,181653,48.328110N,17.030663E,162,64.3,187,1001.0,27 
258,T,240122,181656,48.327602N,17.030615E,164,66.5,182,1001.1,27 
259,T,240122,181659,48.327110N,17.030596E,165,67.1,183,1001.2,27 
260,T,240122,181702,48.326611N,17.030546E,164,66.3,185,1001.1,27 
261,T,240122,181705,48.326118N,17.030416E,165,66.1,196,1001.2,27 
262,T,240122,181708,48.325661N,17.030115E,165,67.2,208,1001.3,27 
263,T,240122,181711,48.325264N,17.029732E,165,56.9,215,1001.3,27 
264,T,240122,181718,48.324959N,17.029228E,162,15.7,247,1001.6,27 
265,T,240122,181725,48.325172N,17.028522E,161,41.1,296,1001.6,27 
266,T,240122,181729,48.325420N,17.027824E,161,55.5,297,1001.7,27 
267,T,240122,181733,48.325703N,17.027040E,161,58.6,296,1001.7,27 
268,T,240122,181737,48.325981N,17.026239E,161,59.8,296,1001.6,27 
269,T,240122,181740,48.326202N,17.025610E,162,61.2,296,1001.5,27 
270,T,240122,181743,48.326427N,17.024963E,162,62.7,295,1001.2,27 
271,T,240122,181746,48.326645N,17.024336E,164,61.6,298,1001.1,27 
272,T,240122,181750,48.326916N,17.023556E,165,57.9,297,1001.1,27 
273,T,240122,181754,48.327160N,17.022821E,164,48.8,297,1001.3,27 
274,T,240122,181759,48.327438N,17.022224E,163,38.4,316,1001.5,27 
275,T,240122,181804,48.327900N,17.021946E,159,40.5,355,1001.9,27 
276,T,240122,181808,48.328293N,17.022305E,155,46.1,43,1002.0,27 
277,T,240122,181812,48.328407N,17.022966E,152,40.8,85,1002.1,27 
278,T,240122,181816,48.328144N,17.023544E,150,43.7,148,1002.0,27 
279,T,240122,181820,48.327679N,17.023699E,150,51.9,185,1002.0,27 
280,T,240122,181824,48.327129N,17.023670E,153,54.2,179,1001.9,27 
281,T,240122,181827,48.326656N,17.023638E,153,63.4,185,1001.7,27 
282,T,240122,181830,48.326118N,17.023575E,153,72.0,185,1001.7,27 
283,T,240122,181833,48.325523N,17.023499E,154,77.5,185,1001.7,27 
284,T,240122,181836,48.324905N,17.023415E,154,81.3,186,1001.7,27 
285,T,240122,181839,48.324268N,17.023304E,155,83.5,187,1001.6,27 
286,T,240122,181842,48.323631N,17.023176E,155,84.5,188,1001.6,27 
287,T,240122,181845,48.322987N,17.023035E,155,84.1,187,1001.7,27 
288,T,240122,181848,48.322353N,17.022900E,154,85.3,188,1001.7,27 
289,T,240122,181851,48.321716N,17.022757E,154,85.3,189,1001.8,27 
290,T,240122,181854,48.321064N,17.022591E,155,87.4,189,1001.8,27 
291,T,240122,181856,48.320599N,17.022467E,155,97.6,190,1001.3,27 
292,T,240122,181858,48.320099N,17.022327E,155,101.9,190,1001.8,27 
293,T,240122,181900,48.319595N,17.022184E,155,103.5,191,1001.8,27 
294,T,240122,181902,48.319080N,17.022036E,154,105.5,191,1001.8,27 
295,T,240122,181904,48.318565N,17.021877E,154,105.6,192,1001.9,27 
296,T,240122,181906,48.318047N,17.021706E,154,104.8,193,1001.9,27 
297,T,240122,181908,48.317543N,17.021532E,154,103.1,193,1002.1,27 
298,T,240122,181910,48.317036N,17.021357E,153,103.4,193,1002.1,27 
299,T,240122,181912,48.316525N,17.021168E,152,103.3,194,1002.0,27 
300,T,240122,181914,48.316017N,17.020983E,150,105.0,193,1002.1,27 
301,T,240122,181916,48.315495N,17.020784E,150,105.0,194,1002.2,27 
302,T,240122,181918,48.314976N,17.020576E,150,106.7,195,1001.8,27 
303,T,240122,181920,48.314449N,17.020365E,149,107.3,195,1002.3,27 
304,T,240122,181922,48.313927N,17.020151E,149,107.8,195,1002.3,27 
305,T,240122,181924,48.313408N,17.019928E,149,107.3,196,1002.4,27 
306,T,240122,181926,48.312897N,17.019695E,149,106.9,197,1002.6,27 
307,T,240122,181928,48.312382N,17.019457E,149,107.8,197,1002.6,27 
308,T,240122,181930,48.311859N,17.019213E,148,108.6,197,1002.6,27 
309,T,240122,181932,48.311340N,17.018965E,148,108.4,197,1002.7,27 
310,T,240122,181934,48.310822N,17.018711E,148,108.8,198,1002.7,27 
311,T,240122,181936,48.310295N,17.018442E,147,110.8,199,1002.8,27 
312,T,240122,181938,48.309772N,17.018164E,146,111.2,199,1002.8,27 
313,T,240122,181940,48.309242N,17.017885E,146,111.2,199,1002.8,27 
314,T,240122,181942,48.308716N,17.017616E,146,110.8,198,1002.9,27 
315,T,240122,181944,48.308193N,17.017351E,146,108.9,198,1002.8,27 
316,T,240122,181946,48.307671N,17.017094E,146,108.1,198,1002.9,27 
317,T,240122,181948,48.307156N,17.016838E,146,107.0,198,1002.8,27 
318,T,240122,181950,48.306652N,17.016588E,146,105.9,197,1003.1,27 
319,T,240122,181952,48.306152N,17.016346E,145,105.2,197,1003.1,27 
320,T,240122,181954,48.305653N,17.016108E,145,104.3,197,1003.1,27 
321,T,240122,181956,48.305153N,17.015875E,146,105.5,196,1003.1,27 
322,T,240122,181958,48.304649N,17.015644E,146,104.5,196,1003.1,27 
323,T,240122,182000,48.304150N,17.015415E,147,104.6,196,1003.2,27 
324,T,240122,182002,48.303642N,17.015192E,148,104.5,196,1003.2,27 
325,T,240122,182004,48.303139N,17.014973E,148,105.4,196,1003.2,27 
326,T,240122,182006,48.302631N,17.014746E,148,105.3,195,1003.3,27 
327,T,240122,182008,48.302120N,17.014528E,148,105.6,195,1003.3,27 
328,T,240122,182010,48.301620N,17.014317E,148,104.9,195,1003.3,27 
329,T,240122,182012,48.301117N,17.014105E,147,105.5,195,1003.3,27 
330,T,240122,182014,48.300613N,17.013906E,146,105.3,194,1003.3,27 
331,T,240122,182016,48.300110N,17.013716E,146,104.9,193,1003.4,27 
332,T,240122,182018,48.299603N,17.013533E,146,104.6,193,1003.4,27 
333,T,240122,182020,48.299099N,17.013340E,146,104.5,193,1003.6,27 
334,T,240122,182022,48.298595N,17.013149E,146,105.1,194,1003.5,27 
335,T,240122,182024,48.298084N,17.012964E,146,104.8,193,1003.4,27 
336,T,240122,182026,48.297581N,17.012787E,145,104.0,192,1003.5,27 
337,T,240122,182028,48.297077N,17.012615E,144,103.2,192,1003.6,27 
338,T,240122,182030,48.296577N,17.012442E,144,102.6,192,1003.6,27 
339,T,240122,182032,48.296078N,17.012276E,144,102.4,192,1003.6,27 
340,T,240122,182034,48.295582N,17.012115E,143,101.8,191,1003.5,27 
341,T,240122,182036,48.295086N,17.011959E,143,101.0,191,1003.5,27 
342,T,240122,182038,48.294594N,17.011816E,143,100.6,191,1003.4,27 
343,T,240122,182040,48.294102N,17.011665E,143,99.5,191,1003.4,27 
344,T,240122,182042,48.293617N,17.011522E,143,99.4,191,1003.4,27 
345,T,240122,182044,48.293129N,17.011381E,143,99.3,191,1003.5,27 
346,T,240122,182046,48.292645N,17.011240E,142,98.0,190,1003.5,27 
347,T,240122,182048,48.292164N,17.011114E,142,99.3,190,1003.5,27 
348,T,240122,182050,48.291668N,17.010986E,142,101.7,189,1003.4,27 
349,T,240122,182052,48.291176N,17.010864E,142,101.5,189,1003.5,27 
350,T,240122,182054,48.290703N,17.010750E,142,95.6,188,1003.0,27 
351,T,240122,182056,48.290241N,17.010647E,142,94.5,188,1003.3,27 
352,T,240122,182058,48.289761N,17.010544E,143,99.9,187,1003.2,27 
353,T,240122,182100,48.289257N,17.010443E,143,102.9,187,1003.0,27 
354,T,240122,182102,48.288731N,17.010338E,144,105.9,188,1002.8,27 
355,T,240122,182104,48.288200N,17.010233E,145,106.3,187,1002.8,27 
356,T,240122,182106,48.287670N,17.010138E,145,106.0,186,1002.9,27 
357,T,240122,182108,48.287140N,17.010042E,146,106.5,187,1002.6,27 
358,T,240122,182110,48.286613N,17.009949E,147,105.8,186,1002.7,27 
359,T,240122,182112,48.286087N,17.009853E,149,106.4,187,1002.8,27 
360,T,240122,182114,48.285564N,17.009760E,150,105.8,186,1002.4,27 
361,T,240122,182116,48.285046N,17.009674E,150,105.8,186,1002.0,27 
362,T,240122,182118,48.284515N,17.009598E,150,105.1,185,1002.5,27 
363,T,240122,182120,48.283981N,17.009518E,151,105.8,185,1002.3,27 
364,T,240122,182122,48.283451N,17.009441E,152,104.8,185,1002.1,27 
365,T,240122,182124,48.282928N,17.009369E,154,104.0,184,1002.0,27 
366,T,240122,182126,48.282410N,17.009302E,154,103.4,184,1001.9,27 
367,T,240122,182128,48.281898N,17.009245E,155,101.1,184,1001.9,27 
368,T,240122,182130,48.281395N,17.009184E,155,101.0,184,1001.7,27 
369,T,240122,182132,48.280891N,17.009129E,156,100.2,183,1001.6,27 
370,T,240122,182134,48.280388N,17.009081E,159,100.9,183,1001.4,27 
371,T,240122,182136,48.279896N,17.009026E,160,100.5,183,1001.8,27 
372,T,240122,182138,48.279404N,17.008974E,160,99.4,183,1001.3,27 
373,T,240122,182140,48.278919N,17.008924E,161,97.3,183,1001.5,27 
374,T,240122,182142,48.278435N,17.008884E,162,96.3,182,1001.4,27 
375,T,240122,182144,48.277950N,17.008848E,162,95.8,182,1001.4,27 
376,T,240122,182146,48.277473N,17.008823E,164,95.9,182,1001.3,27 
377,T,240122,182148,48.276993N,17.008802E,164,95.6,181,1001.2,27 
378,T,240122,182150,48.276520N,17.008781E,166,95.2,181,1001.0,27 
379,T,240122,182152,48.276039N,17.008766E,166,95.1,181,1000.8,27 
380,T,240122,182154,48.275558N,17.008751E,166,94.5,181,1000.7,27 
381,T,240122,182156,48.275085N,17.008730E,166,95.0,181,1000.9,27 
382,T,240122,182158,48.274605N,17.008705E,166,96.4,182,1001.1,27 
383,T,240122,182200,48.274120N,17.008677E,166,96.5,182,1000.9,27 
384,T,240122,182202,48.273621N,17.008657E,165,99.3,181,1000.9,27 
385,T,240122,182204,48.273129N,17.008646E,163,98.7,180,1000.9,27 
386,T,240122,182206,48.272633N,17.008646E,162,99.2,179,1001.0,27 
387,T,240122,182208,48.272141N,17.008652E,162,98.3,179,1001.1,27 
388,T,240122,182210,48.271641N,17.008657E,161,99.4,179,1001.2,27 
389,T,240122,182212,48.271141N,17.008665E,160,100.0,179,1001.2,27 
390,T,240122,182214,48.270645N,17.008684E,159,100.3,178,1001.2,27 
391,T,240122,182216,48.270153N,17.008699E,159,100.1,178,1001.3,27 
392,T,240122,182218,48.269669N,17.008717E,157,96.7,178,1001.3,27 
393,T,240122,182220,48.269176N,17.008741E,157,98.5,178,1001.3,27 
394,T,240122,182222,48.268681N,17.008774E,156,98.0,177,1001.3,27 
395,T,240122,182224,48.268192N,17.008812E,155,97.5,177,1001.6,27 
396,T,240122,182226,48.267704N,17.008848E,155,98.2,177,1001.6,27 
397,T,240122,182228,48.267212N,17.008884E,155,97.6,177,1001.4,27 
398,T,240122,182230,48.266724N,17.008924E,155,96.5,176,1001.6,27 
399,T,240122,182232,48.266247N,17.008972E,155,95.1,176,1001.6,27 
400,T,240122,182234,48.265766N,17.009020E,154,95.4,175,1001.7,27 
401,T,240122,182236,48.265301N,17.009069E,153,94.2,176,1001.6,27 
402,T,240122,182238,48.264832N,17.009113E,153,95.5,176,1001.7,27 
403,T,240122,182240,48.264362N,17.009165E,152,93.4,175,1001.8,27 
404,T,240122,182242,48.263905N,17.009224E,152,93.4,174,1001.8,27 
405,T,240122,182244,48.263435N,17.009291E,151,93.6,174,1001.9,27 
406,T,240122,182246,48.262978N,17.009357E,150,93.1,174,1001.8,27 
407,T,240122,182248,48.262520N,17.009432E,148,91.5,174,1001.9,27 
408,T,240122,182250,48.262074N,17.009504E,147,91.5,174,1002.1,27 
409,T,240122,182252,48.261616N,17.009584E,147,90.8,173,1002.1,27 
410,T,240122,182254,48.261150N,17.009659E,146,92.6,173,1002.1,27 
411,T,240122,182256,48.260693N,17.009752E,145,93.2,172,1002.2,27 
412,T,240122,182258,48.260227N,17.009844E,145,92.9,173,1002.2,27 
413,T,240122,182300,48.259762N,17.009924E,145,93.1,173,1002.2,27 
414,T,240122,182302,48.259300N,17.010015E,144,94.1,172,1002.2,27 
415,T,240122,182304,48.258827N,17.010115E,144,94.7,172,1001.9,27 
416,T,240122,182306,48.258350N,17.010216E,143,95.9,172,1002.1,27 
417,T,240122,182308,48.257874N,17.010323E,142,96.2,171,1002.1,27 
418,T,240122,182310,48.257397N,17.010431E,141,98.3,171,1002.3,27 
419,T,240122,182312,48.256905N,17.010544E,140,99.8,171,1002.2,27 
420,T,240122,182314,48.256409N,17.010660E,139,99.8,171,1002.0,27 
421,T,240122,182316,48.255920N,17.010784E,138,100.2,170,1002.2,27 
422,T,240122,182318,48.255428N,17.010908E,137,99.7,170,1002.4,27 
423,T,240122,182320,48.254940N,17.011032E,135,99.4,170,1002.3,27 
424,T,240122,182322,48.254448N,17.011160E,134,99.0,169,1002.3,27 
425,T,240122,182324,48.253956N,17.011295E,133,99.7,169,1002.5,27 
426,T,240122,182326,48.253460N,17.011436E,133,99.5,168,1002.4,27 
427,T,240122,182328,48.252968N,17.011574E,133,99.0,169,1002.5,27 
428,T,240122,182330,48.252472N,17.011711E,133,99.9,169,1002.4,27 
429,T,240122,182332,48.251968N,17.011856E,133,102.0,168,1002.4,27 
430,T,240122,182334,48.251453N,17.012005E,133,105.7,168,1002.4,27 
431,T,240122,182336,48.250916N,17.012163E,135,108.5,168,1002.4,27 
432,T,240122,182338,48.250366N,17.012325E,137,110.0,168,1002.4,27 
433,T,240122,182340,48.249809N,17.012508E,140,110.6,166,1002.5,27 
434,T,240122,182342,48.249252N,17.012703E,143,111.2,166,1002.5,27 
435,T,240122,182344,48.248707N,17.012892E,144,110.8,166,1002.6,27 
436,T,240122,182346,48.248161N,17.013090E,146,111.1,166,1002.5,27 
437,T,240122,182348,48.247620N,17.013288E,147,110.8,166,1002.6,27 
438,T,240122,182350,48.247082N,17.013494E,147,110.6,165,1002.7,27 
439,T,240122,182352,48.246540N,17.013710E,148,110.6,164,1002.7,27 
440,T,240122,182354,48.245998N,17.013924E,148,110.8,165,1002.7,27 
441,T,240122,182356,48.245468N,17.014135E,148,109.4,165,1002.7,27 
442,T,240122,182358,48.244930N,17.014353E,148,110.1,164,1002.8,27 
443,T,240122,182400,48.244400N,17.014576E,149,109.5,164,1002.8,27 
444,T,240122,182402,48.243874N,17.014799E,148,109.9,164,1002.9,27 
445,T,240122,182404,48.243336N,17.015036E,148,110.2,163,1003.0,27 
446,T,240122,182406,48.242809N,17.015272E,149,110.1,163,1003.0,27 
447,T,240122,182408,48.242271N,17.015514E,150,111.0,163,1002.8,27 
448,T,240122,182410,48.241741N,17.015753E,151,110.8,163,1002.9,27 
449,T,240122,182412,48.241207N,17.015997E,151,109.8,162,1003.0,27 
450,T,240122,182414,48.240688N,17.016239E,150,109.9,161,1002.9,27 
451,T,240122,182416,48.240173N,17.016481E,150,109.5,162,1002.9,27 
452,T,240122,182418,48.239655N,17.016724E,149,108.8,162,1003.1,27 
453,T,240122,182420,48.239143N,17.016973E,149,108.9,161,1003.0,27 
454,T,240122,182422,48.238632N,17.017223E,148,108.9,161,1003.1,27 
455,T,240122,182424,48.238121N,17.017479E,148,108.9,160,1003.1,27 
456,T,240122,182426,48.237610N,17.017744E,148,110.8,160,1003.1,27 
457,T,240122,182428,48.237091N,17.018017E,148,109.6,160,1003.0,27 
458,T,240122,182430,48.236580N,17.018293E,147,110.2,159,1003.0,27 
459,T,240122,182432,48.236073N,17.018576E,147,109.8,159,1003.1,27 
460,T,240122,182434,48.235573N,17.018856E,148,108.3,159,1003.0,27 
461,T,240122,182436,48.235073N,17.019129E,148,108.0,159,1003.1,27 
462,T,240122,182438,48.234573N,17.019403E,149,107.6,159,1003.1,27 
463,T,240122,182440,48.234074N,17.019693E,150,107.7,158,1002.9,27 
464,T,240122,182442,48.233578N,17.019983E,150,107.4,158,1002.9,27 
465,T,240122,182444,48.233070N,17.020281E,151,108.1,158,1002.9,27 
466,T,240122,182446,48.232567N,17.020578E,151,108.2,158,1002.8,27 
467,T,240122,182448,48.232067N,17.020884E,150,108.1,157,1002.9,27 
468,T,240122,182450,48.231564N,17.021196E,150,108.2,157,1002.7,27 
469,T,240122,182452,48.231064N,17.021503E,149,108.2,157,1002.7,27 
470,T,240122,182454,48.230560N,17.021822E,148,108.0,156,1002.6,27 
471,T,240122,182456,48.230068N,17.022144E,148,107.5,156,1002.6,27 
472,T,240122,182458,48.229580N,17.022472E,148,106.7,155,1002.7,27 
473,T,240122,182500,48.229088N,17.022800E,147,106.9,155,1002.6,27 
474,T,240122,182502,48.228603N,17.023130E,148,106.5,155,1002.6,27 
475,T,240122,182504,48.228123N,17.023457E,148,104.9,155,1002.6,27 
476,T,240122,182506,48.227654N,17.023785E,147,104.9,154,1002.6,27 
477,T,240122,182508,48.227184N,17.024132E,148,105.3,153,1002.6,27 
478,T,240122,182510,48.226723N,17.024479E,147,104.6,153,1002.6,27 
479,T,240122,182512,48.226265N,17.024813E,147,102.4,154,1002.6,27 
480,T,240122,182514,48.225800N,17.025148E,148,103.1,153,1002.5,27 
481,T,240122,182516,48.225342N,17.025488E,148,102.6,153,1002.4,27 
482,T,240122,182518,48.224880N,17.025824E,148,102.2,153,1002.3,27 
483,T,240122,182520,48.224419N,17.026159E,148,102.9,154,1002.4,27 
484,T,240122,182522,48.223953N,17.026497E,149,103.4,154,1002.1,27 
485,T,240122,182524,48.223488N,17.026842E,149,102.2,153,1002.1,27 
486,T,240122,182526,48.223026N,17.027199E,149,102.7,152,1002.0,27 
487,T,240122,182528,48.222569N,17.027557E,150,103.2,152,1001.8,27 
488,T,240122,182530,48.222115N,17.027922E,149,103.6,151,1001.9,27 
489,T,240122,182532,48.221664N,17.028284E,149,103.7,151,1001.7,27 
490,T,240122,182534,48.221214N,17.028656E,150,102.8,150,1001.7,27 
491,T,240122,182536,48.220768N,17.029032E,151,102.4,150,1001.6,27 
492,T,240122,182538,48.220325N,17.029415E,152,101.9,150,1001.6,27 
493,T,240122,182540,48.219872N,17.029804E,153,101.8,150,1001.6,27 
494,T,240122,182542,48.219429N,17.030190E,154,101.8,150,1001.5,27 
495,T,240122,182544,48.218979N,17.030575E,155,102.9,150,1001.4,27 
496,T,240122,182546,48.218536N,17.030949E,156,101.6,150,1001.3,27 
497,T,240122,182548,48.218086N,17.031321E,156,100.3,151,1001.4,27 
498,T,240122,182550,48.217644N,17.031677E,157,101.6,151,1001.3,27 
499,T,240122,182552,48.217194N,17.032038E,159,101.4,151,1001.1,27 
500,T,240122,182554,48.216751N,17.032391E,159,101.0,151,1001.2,27 
501,T,240122,182556,48.216305N,17.032738E,159,101.0,153,1001.1,27 
502,T,240122,182558,48.215851N,17.033073E,161,100.5,153,1001.1,27 
503,T,240122,182600,48.215405N,17.033396E,161,99.3,153,1000.9,27 
504,T,240122,182602,48.214958N,17.033724E,161,99.7,153,1001.0,27 
505,T,240122,182604,48.214516N,17.034044E,161,99.1,154,1000.7,27 
506,T,240122,182606,48.214073N,17.034355E,161,98.7,154,1000.7,27 
507,T,240122,182608,48.213631N,17.034664E,160,97.2,154,1000.6,27 
508,T,240122,182610,48.213192N,17.034967E,159,97.5,155,1000.9,27 
509,T,240122,182612,48.212749N,17.035269E,158,97.0,155,1001.0,27 
510,T,240122,182614,48.212303N,17.035568E,158,97.7,155,1000.8,27 
511,T,240122,182616,48.211857N,17.035862E,158,97.7,156,1000.8,27 
512,T,240122,182618,48.211395N,17.036152E,159,98.1,157,1000.7,27 
513,T,240122,182620,48.210938N,17.036444E,159,101.1,156,1000.7,27 
514,T,240122,182622,48.210468N,17.036739E,159,101.9,157,1000.7,27 
515,T,240122,182624,48.209991N,17.037031E,160,103.9,158,1000.5,27 
516,T,240122,182626,48.209507N,17.037315E,161,104.7,159,1000.2,27 
517,T,240122,182628,48.209023N,17.037590E,161,104.9,159,1000.2,27 
518,T,240122,182630,48.208546N,17.037867E,161,103.1,158,1000.1,27 
519,T,240122,182632,48.208069N,17.038137E,162,101.6,159,999.9,27 
520,T,240122,182634,48.207596N,17.038401E,163,99.9,159,999.9,27 
521,T,240122,182636,48.207127N,17.038656E,164,98.1,160,999.6,27 
522,T,240122,182638,48.206673N,17.038897E,165,97.6,160,999.6,27 
523,T,240122,182640,48.206215N,17.039137E,166,96.2,160,999.3,27 
524,T,240122,182642,48.205757N,17.039375E,167,96.4,160,999.3,27 
525,T,240122,182644,48.205299N,17.039610E,169,95.7,161,998.8,27 
526,T,240122,182646,48.204842N,17.039829E,171,95.6,162,998.7,27 
527,T,240122,182648,48.204380N,17.040045E,173,95.3,162,998.8,27 
528,T,240122,182650,48.203930N,17.040253E,175,94.4,163,998.6,27 
529,T,240122,182652,48.203472N,17.040461E,176,93.7,162,998.5,27 
530,T,240122,182654,48.203018N,17.040668E,177,93.7,163,998.3,27 
531,T,240122,182656,48.202564N,17.040876E,178,94.3,163,998.3,27 
532,T,240122,182658,48.202106N,17.041075E,180,94.3,164,998.1,27 
533,T,240122,182700,48.201645N,17.041267E,181,94.7,164,998.0,27 
534,T,240122,182702,48.201183N,17.041454E,183,94.5,165,997.8,27 
535,T,240122,182704,48.200722N,17.041636E,187,94.2,165,997.5,27 
536,T,240122,182706,48.200264N,17.041815E,190,93.1,165,997.6,27 
537,T,240122,182708,48.199806N,17.041990E,192,93.3,165,997.4,27 
538,T,240122,182710,48.199360N,17.042162E,195,92.6,165,997.2,27 
539,T,240122,182712,48.198914N,17.042326E,197,93.0,166,997.1,27 
540,T,240122,182714,48.198460N,17.042484E,198,93.1,166,996.9,27 
541,T,240122,182716,48.198002N,17.042641E,199,94.1,167,996.8,27 
542,T,240122,182718,48.197536N,17.042793E,201,95.6,167,996.7,27 
543,T,240122,182720,48.197067N,17.042944E,203,95.8,168,996.7,27 
544,T,240122,182722,48.196602N,17.043081E,205,95.8,168,996.6,27 
545,T,240122,182724,48.196133N,17.043226E,206,95.5,168,996.4,27 
546,T,240122,182726,48.195656N,17.043369E,209,96.6,169,996.4,27 
547,T,240122,182728,48.195175N,17.043501E,210,96.8,170,996.3,27 
548,T,240122,182730,48.194687N,17.043631E,212,97.8,170,996.3,27 
549,T,240122,182732,48.194199N,17.043764E,213,96.8,169,996.3,27 
550,T,240122,182734,48.193710N,17.043896E,213,99.4,169,996.3,27 
551,T,240122,182736,48.193211N,17.044037E,213,100.7,169,996.6,27 
552,T,240122,182738,48.192707N,17.044170E,214,102.1,169,996.4,27 
553,T,240122,182740,48.192204N,17.044300E,214,101.7,169,996.5,27 
554,T,240122,182742,48.191689N,17.044441E,214,102.7,169,996.8,27 
555,T,240122,182744,48.191193N,17.044592E,215,101.1,168,996.8,27 
556,T,240122,182746,48.190712N,17.044741E,215,97.6,168,996.9,27 
557,T,240122,182748,48.190239N,17.044891E,215,94.3,168,997.0,27 
558,T,240122,182750,48.189777N,17.045042E,215,93.7,167,997.0,27 
559,T,240122,182752,48.189312N,17.045198E,215,93.0,167,997.1,27 
560,T,240122,182754,48.188866N,17.045366E,214,91.9,165,997.1,27 
561,T,240122,182756,48.188423N,17.045555E,213,91.3,163,997.2,27 
562,T,240122,182758,48.187992N,17.045759E,213,89.5,161,997.2,27 
563,T,240122,182801,48.187366N,17.046099E,211,91.1,158,997.3,27 
564,T,240122,182803,48.186951N,17.046360E,210,91.5,155,997.4,27 
565,T,240122,182805,48.186527N,17.046650E,209,92.8,154,997.4,27 
566,T,240122,182807,48.186111N,17.046972E,208,92.7,152,997.4,27 
567,T,240122,182809,48.185703N,17.047304E,206,92.4,150,997.6,27 
568,T,240122,182811,48.185303N,17.047659E,203,92.6,148,997.7,27 
569,T,240122,182813,48.184921N,17.048035E,201,91.5,146,997.7,27 
570,T,240122,182815,48.184547N,17.048418E,198,91.7,145,997.5,27 
571,T,240122,182817,48.184174N,17.048824E,197,93.1,143,997.4,27 
572,T,240122,182819,48.183807N,17.049261E,197,92.9,140,998.0,27 
573,T,240122,182821,48.183464N,17.049706E,196,91.3,139,998.0,27 
574,T,240122,182823,48.183128N,17.050173E,197,90.5,136,998.0,27 
575,T,240122,182826,48.182659N,17.050877E,197,88.1,134,998.1,27 
576,T,240122,182829,48.182224N,17.051615E,197,88.4,131,998.2,28 
577,T,240122,182832,48.181801N,17.052387E,195,90.0,128,998.2,28 
578,T,240122,182834,48.181534N,17.052935E,193,90.8,126,998.0,28 
579,T,240122,182836,48.181267N,17.053495E,193,91.6,124,998.0,28 
580,T,240122,182838,48.181007N,17.054066E,193,92.3,123,998.3,28 
581,T,240122,182840,48.180767N,17.054655E,193,92.5,120,998.4,28 
582,T,240122,182843,48.180435N,17.055544E,193,90.9,118,998.2,28 
583,T,240122,182845,48.180229N,17.056149E,192,90.9,117,998.5,28 
584,T,240122,182848,48.179935N,17.057041E,192,89.0,116,998.5,28 
585,T,240122,182851,48.179642N,17.057932E,192,88.9,116,998.1,28 
586,T,240122,182854,48.179348N,17.058817E,192,87.7,117,998.7,28 
587,T,240122,182857,48.179031N,17.059685E,192,87.6,120,998.6,28 
588,T,240122,182900,48.178658N,17.060501E,191,85.5,128,998.7,28 
589,T,240122,182903,48.178211N,17.061205E,191,84.9,136,998.8,28 
590,T,240122,182906,48.177731N,17.061815E,190,84.6,141,998.5,28 
591,T,240122,182909,48.177185N,17.062344E,190,86.8,150,998.9,28 
592,T,240122,182912,48.176575N,17.062738E,189,86.7,158,999.0,28 
593,T,240122,182915,48.175961N,17.063025E,188,87.3,163,999.2,28 
594,T,240122,182918,48.175339N,17.063255E,188,84.8,167,998.9,28 
595,T,240122,182921,48.174706N,17.063446E,187,82.7,169,999.2,28 
596,T,240122,182924,48.174091N,17.063623E,186,82.2,168,999.2,28 
597,T,240122,182927,48.173492N,17.063795E,186,81.1,169,999.4,28 
598,T,240122,182930,48.172890N,17.063959E,186,81.8,169,999.5,28 
599,T,240122,182933,48.172291N,17.064140E,186,80.8,168,999.7,28 
600,T,240122,182936,48.171700N,17.064318E,185,80.9,168,1000.0,28 
601,T,240122,183033,48.162285N,17.075296E,185,80.9,153,1003.8,28 
602,T,240122,183036,48.161716N,17.075644E,150,80.4,160,1003.9,28 
603,T,240122,183039,48.161095N,17.075895E,150,82.7,167,1004.0,28 
604,T,240122,183042,48.160496N,17.076036E,150,80.0,172,1004.2,28 
605,T,240122,183045,48.159870N,17.076096E,149,79.1,178,1004.3,28 
606,T,240122,183048,48.159286N,17.076109E,149,73.8,177,1004.5,28 
607,T,240122,183051,48.158726N,17.076124E,150,74.9,178,1004.5,28 
608,T,240122,183054,48.158134N,17.076132E,149,79.7,179,1004.6,28 
609,T,240122,183057,48.157528N,17.076134E,149,80.9,178,1004.6,28 
610,T,240122,183100,48.156906N,17.076143E,150,80.5,178,1004.9,28 
611,T,240122,183103,48.156300N,17.076155E,150,80.3,178,1005.1,28 
612,T,240122,183106,48.155720N,17.076155E,148,73.4,179,1005.2,28 
613,T,240122,183109,48.155220N,17.076124E,146,63.3,183,1005.4,28 
614,T,240122,183112,48.154770N,17.076004E,146,60.4,190,1005.5,28 
615,T,240122,183116,48.154251N,17.075815E,146,47.0,193,1005.3,28 
616,T,240122,183124,48.154037N,17.075296E,143,25.6,277,1005.3,28 
617,T,240122,183129,48.154392N,17.074635E,143,45.6,309,1005.3,28 
618,T,240122,183133,48.154728N,17.074045E,143,49.9,308,1005.1,28 
619,T,240122,183137,48.155083N,17.073429E,145,52.7,310,1004.8,28 
620,T,240122,183141,48.155434N,17.072840E,146,51.6,312,1004.6,28 
621,T,240122,183145,48.155792N,17.072292E,148,50.9,315,1004.4,28 
622,T,240122,183149,48.156162N,17.071781E,150,51.3,315,1004.2,28 
623,T,240122,183153,48.156528N,17.071194E,151,53.4,310,1003.9,28 
624,T,240122,183157,48.156872N,17.070559E,151,53.3,308,1003.8,28 
625,T,240122,183201,48.157196N,17.069963E,151,50.9,308,1003.7,28 
626,T,240122,183205,48.157520N,17.069353E,150,52.0,307,1003.5,28 
627,T,240122,183209,48.157822N,17.068787E,151,45.0,308,1003.3,28 
628,T,240122,183214,48.158218N,17.068323E,153,41.9,340,1003.0,28 
629,T,240122,183219,48.158710N,17.068396E,157,45.4,24,1002.4,28 
630,T,240122,183223,48.159119N,17.068789E,161,47.2,32,1002.0,28 
631,T,240122,183227,48.159538N,17.069206E,164,49.7,22,1001.3,28 
632,T,240122,183231,48.159962N,17.069586E,168,48.7,22,1000.5,28 
633,T,240122,183235,48.160416N,17.069733E,173,48.5,358,999.9,28 
634,T,240122,183239,48.160896N,17.069546E,179,49.1,334,999.3,28 
635,T,240122,183243,48.161282N,17.069088E,185,50.3,316,998.7,28 
636,T,240122,183247,48.161507N,17.068386E,191,53.3,296,998.2,28 
637,T,240122,183251,48.161678N,17.067635E,193,51.3,291,997.8,28 
638,T,240122,183255,48.161831N,17.066978E,197,41.7,292,997.7,28 
639,T,240122,183307,48.161907N,17.066343E,203,12.7,282,997.5,28 
640,T,240122,183314,48.162041N,17.065680E,205,36.9,290,997.2,28 
641,T,240122,183318,48.162201N,17.064981E,209,51.0,290,996.7,28 
642,T,240122,183322,48.162395N,17.064224E,211,52.9,291,996.4,28 
643,T,240122,183326,48.162552N,17.063496E,214,47.4,283,996.4,28 
644,T,240122,183330,48.162563N,17.062752E,214,46.7,264,996.6,28 
645,T,240122,183334,48.162422N,17.062098E,211,44.0,244,996.6,28 
646,T,240122,183338,48.162125N,17.061571E,210,44.9,224,996.9,28 
647,T,240122,183342,48.161751N,17.061190E,210,43.4,209,997.0,28 
648,T,240122,183347,48.161205N,17.061001E,211,45.1,184,997.1,28 
649,T,240122,183351,48.160751N,17.061090E,210,45.0,164,997.2,28 
650,T,240122,183355,48.160320N,17.061403E,211,47.8,148,997.7,28 
651,T,240122,183359,48.159927N,17.061798E,208,44.8,145,998.0,28 
652,T,240122,183404,48.159500N,17.062237E,204,34.2,146,998.4,28 
653,T,240122,183416,48.159084N,17.062696E,200,22.0,142,998.7,28 
654,T,240122,183423,48.158703N,17.063076E,197,22.1,149,998.7,28 
655,T,240122,183450,48.158707N,17.063164E,194,13.1,323,998.7,28 
656,T,240122,183502,48.159084N,17.062773E,194,12.9,327,998.8,28 
657,C,240122,183608,48.159294N,17.062609E,193,0.7,316,998.9,28 
658,T,240122,183613,48.159302N,17.062618E,193,0.5,316,998.9,28 
